{
  "epoch": [
    1,
    2,
    3,
    4,
    5,
    6,
    7,
    8,
    9,
    10,
    11,
    12,
    13,
    14,
    15
  ],
  "train_acc": [
    89.72166666666666,
    97.065,
    97.86166666666666,
    98.29666666666667,
    98.63833333333334,
    98.78333333333333,
    98.98833333333333,
    99.11166666666666,
    99.20833333333333,
    99.33166666666666,
    99.31166666666667,
    99.44833333333334,
    99.54666666666667,
    99.595,
    99.59333333333333
  ],
  "val_acc": [
    96.79,
    98.0,
    98.36,
    98.68,
    98.73,
    99.0,
    98.92,
    98.74,
    98.88,
    98.88,
    98.77,
    98.96,
    99.05,
    99.0,
    99.11
  ]
}