{
  "epoch": [
    1,
    2,
    3,
    4,
    5,
    6,
    7,
    8,
    9,
    10,
    11,
    12,
    13,
    14,
    15,
    16,
    17,
    18,
    19,
    20,
    21,
    22,
    23,
    24,
    25,
    26,
    27,
    28,
    29,
    30,
    31,
    32,
    33,
    34,
    35,
    36,
    37,
    38,
    39,
    40,
    41,
    42,
    43,
    44,
    45,
    46,
    47,
    48,
    49,
    50
  ],
  "train_loss": [
    0.06223848560551802,
    0.01683741924762726,
    0.01602642669181029,
    0.015526520491639773,
    0.015128312367697556,
    0.01480109842667977,
    0.014551856043438116,
    0.014303675216436386,
    0.014140489809711774,
    0.01403295385936896,
    0.013960184186697006,
    0.013888429494698842,
    0.01380592628220717,
    0.01373580584526062,
    0.013672414514919122,
    0.013632298946380616,
    0.013557631449401378,
    0.01351188041071097,
    0.013484766138593356,
    0.0134781762500604,
    0.013408176823953788,
    0.013374209791918596,
    0.013407887956500053,
    0.013345060953994592,
    0.013333781066040199,
    0.01332085710267226,
    0.013290124349296092,
    0.013293221531311671,
    0.013270028312504291,
    0.013252775292098522,
    0.0132662618825833,
    0.013218480576078098,
    0.013222162546714147,
    0.013200182454288006,
    0.013202196141084034,
    0.013194481113553046,
    0.01316446452786525,
    0.013180972470343113,
    0.013179444664716721,
    0.013155022586882115,
    0.013136665224532286,
    0.013130364674329757,
    0.013115680430829524,
    0.013134622296194236,
    0.0131126283933719,
    0.013127096065878868,
    0.013103872968256474,
    0.013087987514336904,
    0.013066654155155023,
    0.013098106421033541
  ],
  "val_loss": [
    0.017241162189841272,
    0.016079433637857438,
    0.015505663250386714,
    0.015073043669760228,
    0.014749091057479381,
    0.014409585747122764,
    0.01420798328667879,
    0.01404733462035656,
    0.013913142143189908,
    0.013774656270444394,
    0.013720453053712845,
    0.013596871565282345,
    0.013528559628129006,
    0.013538822999596595,
    0.013506067341566086,
    0.01339713014215231,
    0.013378047654032707,
    0.013313073959946633,
    0.013335470308363438,
    0.013253809271752834,
    0.013199226646125316,
    0.013205693803727627,
    0.013131011718511582,
    0.01314611967653036,
    0.013081999880075454,
    0.013104998174309731,
    0.01316374829262495,
    0.013143250033259392,
    0.013066882809996605,
    0.013077987594902515,
    0.0130589476197958,
    0.013027558343112469,
    0.013050473468005657,
    0.013066834710538388,
    0.01308551272302866,
    0.012999034331738948,
    0.013010717666149139,
    0.013058917719125748,
    0.012987827409803867,
    0.013003669893741607,
    0.012944175201654435,
    0.012946091708540917,
    0.012990612365305423,
    0.012954333804547786,
    0.012935761646926404,
    0.012925705343484879,
    0.012873863691091537,
    0.012960700377821922,
    0.012968446825444698,
    0.012868234537541866
  ],
  "val_psnr": [
    17.903898649577854,
    18.202204450776307,
    18.358583377886422,
    18.48863840706741,
    18.59027942222885,
    18.695062275174298,
    18.756786153286317,
    18.803331616558605,
    18.84350235854523,
    18.892077723635904,
    18.915248243114615,
    18.944270266762263,
    18.972726435600958,
    18.972148050235795,
    18.966035094442248,
    19.017928449413443,
    19.02565540844881,
    19.049903990347175,
    19.029318749150143,
    19.061601421501063,
    19.077061037474042,
    19.07506493677067,
    19.10814377024204,
    19.0942166968237,
    19.117887521091895,
    19.112260528757602,
    19.100674134266526,
    19.09952830061128,
    19.12638615958298,
    19.120782924603812,
    19.12110379375989,
    19.13734240471562,
    19.136668603631513,
    19.128937516031385,
    19.12415791765044,
    19.139896658402456,
    19.140440590773956,
    19.12579589554026,
    19.15420421165756,
    19.148686734935904,
    19.160235658476623,
    19.16898056223423,
    19.150777382186696,
    19.162228572217725,
    19.160882346237763,
    19.171326311328745,
    19.19391482389426,
    19.157161809221098,
    19.15418142004858,
    19.19495884376236
  ]
}